Bruit,Taux d'erreur (%)
"N(1,1)-N(4,1)",2.36053466796875
"N(1,1)-N(2,1)",16.015625
"N(1,1)-N(1,9)",8.0963134765625
